airline,date_of_journey,source,destination,dep_time,arrival_time,duration,total_stops,additional_info,price
Indigo,2019-06-12,Delhi,Cochin,02:00:00,07:45:00,345,1.0,No info,6386
Air Asia,2019-05-21,Kolkata,Banglore,22:40:00,10:40:00,720,1.0,No info,9719
Indigo,2019-04-01,Kolkata,Banglore,17:15:00,19:50:00,155,0.0,No info,4174
Jet Airways,2019-03-06,Banglore,New Delhi,08:00:00,07:40:00,1420,1.0,No info,14815
Air India,2019-03-15,Chennai,Kolkata,11:40:00,13:55:00,135,0.0,No info,7082
Jet Airways,2019-03-21,Delhi,Cochin,15:00:00,04:25:00,805,1.0,No info,12767
Air India,2019-05-27,Delhi,Cochin,07:00:00,19:15:00,735,1.0,No info,9929
Jet Airways,2019-04-01,Kolkata,Banglore,10:20:00,17:35:00,435,1.0,In-flight meal not included,6077
Indigo,2019-06-27,Delhi,Cochin,16:00:00,21:00:00,300,1.0,No info,6069
Indigo,2019-06-01,Banglore,Delhi,10:10:00,13:00:00,170,0.0,No info,3943
Jet Airways,2019-06-12,Kolkata,Banglore,14:05:00,04:40:00,875,1.0,No info,12739
Jet Airways,2019-03-18,Banglore,New Delhi,22:50:00,09:00:00,610,1.0,In-flight meal not included,11087
Indigo,2019-06-15,Delhi,Cochin,05:05:00,12:10:00,425,1.0,No info,6818
Indigo,2019-04-12,Kolkata,Banglore,14:25:00,16:55:00,150,0.0,No info,5224
Multiple Carriers,2019-06-03,Delhi,Cochin,03:50:00,19:00:00,910,1.0,No info,12192
Air India,2019-05-18,Kolkata,Banglore,16:45:00,12:30:00,1185,2.0,No info,15170
Air Asia,2019-05-15,Banglore,Delhi,23:55:00,02:45:00,170,0.0,No info,3383
Air India,2019-06-09,Kolkata,Banglore,07:00:00,05:25:00,1345,2.0,No info,12534
Jet Airways,2019-03-15,Mumbai,Hyderabad,02:55:00,04:25:00,90,0.0,In-flight meal not included,2071
Jet Airways,2019-03-12,Banglore,New Delhi,05:45:00,21:20:00,935,1.0,No info,13817
Indigo,2019-04-01,Delhi,Cochin,20:25:00,01:30:00,305,1.0,No info,5073
Air India,2019-06-03,Delhi,Cochin,05:15:00,19:15:00,2280,3.0,No info,10493
Jet Airways,2019-05-01,Kolkata,Banglore,06:30:00,18:15:00,705,1.0,In-flight meal not included,10844
Vistara,2019-03-27,Delhi,Cochin,06:00:00,09:10:00,190,0.0,No info,4851
Jet Airways,2019-03-01,Banglore,New Delhi,16:55:00,00:45:00,470,1.0,No info,26890
Jet Airways,2019-05-09,Delhi,Cochin,18:15:00,12:35:00,1100,1.0,In-flight meal not included,12373
Air India,2019-06-01,Delhi,Cochin,17:15:00,19:15:00,1560,2.0,No info,12970
Jet Airways,2019-06-09,Delhi,Cochin,21:25:00,19:00:00,1295,2.0,No info,13292
Jet Airways,2019-06-06,Kolkata,Banglore,17:00:00,19:10:00,1570,1.0,No info,14151
Air India,2019-05-06,Banglore,Delhi,06:10:00,08:55:00,165,0.0,No info,6121
Indigo,2019-03-27,Mumbai,Hyderabad,20:05:00,21:35:00,90,0.0,No info,2227
Jet Airways,2019-06-09,Kolkata,Banglore,17:00:00,23:35:00,395,1.0,In-flight meal not included,13994
Jet Airways,2019-05-09,Delhi,Cochin,19:45:00,19:00:00,1395,1.0,No info,15554
Indigo,2019-05-15,Delhi,Cochin,04:55:00,21:00:00,965,1.0,No info,6979
Multiple Carriers,2019-03-27,Delhi,Cochin,10:45:00,19:15:00,510,1.0,No info,7154
Multiple Carriers,2019-03-09,Delhi,Cochin,04:00:00,12:55:00,535,1.0,No info,16259
Jet Airways,2019-05-24,Kolkata,Banglore,06:30:00,09:20:00,1610,1.0,In-flight meal not included,9663
Jet Airways,2019-06-06,Banglore,Delhi,18:55:00,22:00:00,185,0.0,In-flight meal not included,7229
Vistara,2019-05-09,Banglore,Delhi,17:00:00,19:35:00,155,0.0,No info,4878
Spicejet,2019-06-24,Kolkata,Banglore,06:55:00,09:30:00,155,0.0,No check-in baggage included,3841
Jet Airways,2019-06-12,Kolkata,Banglore,20:00:00,04:40:00,520,1.0,No info,12576
Jet Airways,2019-03-21,Delhi,Cochin,19:45:00,04:25:00,520,1.0,In-flight meal not included,5963
Air India,2019-03-01,Banglore,New Delhi,10:30:00,17:45:00,435,2.0,Change airports,17461
Jet Airways,2019-05-09,Delhi,Cochin,19:30:00,12:35:00,1025,2.0,In-flight meal not included,13029
Spicejet,2019-03-27,Chennai,Kolkata,17:45:00,20:05:00,140,0.0,No info,3384
Spicejet,2019-06-27,Kolkata,Banglore,09:00:00,11:25:00,145,0.0,No info,3873
Spicejet,2019-04-24,Banglore,Delhi,05:55:00,08:35:00,160,0.0,No info,3971
Jet Airways,2019-06-01,Delhi,Cochin,20:55:00,04:25:00,450,1.0,In-flight meal not included,10262
Air India,2019-05-09,Kolkata,Banglore,10:00:00,23:15:00,795,1.0,No info,10203
Jet Airways,2019-05-01,Kolkata,Banglore,20:00:00,12:00:00,960,1.0,In-flight meal not included,9663
Air India,2019-05-01,Delhi,Cochin,20:40:00,09:25:00,765,1.0,No info,7480
Multiple Carriers,2019-06-12,Delhi,Cochin,10:00:00,19:15:00,555,1.0,No info,14848
Jet Airways,2019-05-24,Kolkata,Banglore,20:00:00,22:35:00,1595,1.0,In-flight meal not included,10844
Jet Airways,2019-06-06,Delhi,Cochin,15:00:00,19:00:00,1680,1.0,No info,14714
Spicejet,2019-05-27,Banglore,Delhi,09:30:00,12:20:00,170,0.0,No check-in baggage included,3573
Jet Airways,2019-05-09,Delhi,Cochin,08:00:00,04:25:00,1225,1.0,In-flight meal not included,12373
Indigo,2019-05-18,Mumbai,Hyderabad,12:00:00,13:30:00,90,0.0,No info,2754
Jet Airways,2019-06-24,Delhi,Cochin,16:00:00,04:25:00,745,1.0,In-flight meal not included,10262
Air India,2019-05-18,Kolkata,Banglore,17:30:00,20:25:00,1615,1.0,No info,10623
Multiple Carriers,2019-06-09,Delhi,Cochin,03:50:00,11:30:00,460,1.0,No info,7408
Jet Airways,2019-03-24,Kolkata,Banglore,21:10:00,20:40:00,1410,1.0,No info,13759
Air Asia,2019-06-24,Banglore,Delhi,04:55:00,07:45:00,170,0.0,No info,4282
Jet Airways,2019-06-06,Delhi,Cochin,22:50:00,19:00:00,1210,1.0,In-flight meal not included,10262
Goair,2019-06-12,Delhi,Cochin,14:25:00,19:35:00,310,1.0,No info,7870
Air India,2019-04-01,Kolkata,Banglore,10:00:00,10:30:00,1470,3.0,No info,12954
Jet Airways,2019-06-06,Delhi,Cochin,22:50:00,04:25:00,335,1.0,In-flight meal not included,10262
Indigo,2019-04-09,Kolkata,Banglore,15:30:00,18:05:00,155,0.0,No info,4174
Spicejet,2019-04-03,Kolkata,Banglore,17:10:00,19:40:00,150,0.0,No check-in baggage included,3841
Goair,2019-03-03,Delhi,Cochin,14:10:00,19:20:00,310,1.0,No info,22794
Indigo,2019-03-21,Delhi,Cochin,16:00:00,21:00:00,300,1.0,No info,6232
Spicejet,2019-05-01,Kolkata,Banglore,06:55:00,09:30:00,155,0.0,No info,3873
Air Asia,2019-05-01,Kolkata,Banglore,15:10:00,23:30:00,500,2.0,No info,5192
Vistara,2019-05-24,Kolkata,Banglore,20:20:00,22:40:00,1580,1.0,No info,8452
Jet Airways,2019-06-12,Delhi,Cochin,07:05:00,12:35:00,330,1.0,No info,16289
Jet Airways,2019-05-12,Kolkata,Banglore,09:35:00,14:25:00,1730,1.0,No info,13067
Indigo,2019-06-01,Delhi,Cochin,09:15:00,01:30:00,975,1.0,No info,7048
Vistara,2019-06-01,Banglore,Delhi,09:45:00,12:35:00,170,0.0,No info,4878
Jet Airways,2019-05-09,Kolkata,Banglore,21:10:00,12:00:00,890,1.0,In-flight meal not included,9663
Indigo,2019-06-06,Kolkata,Banglore,21:25:00,00:05:00,160,0.0,No info,4804
Multiple Carriers,2019-06-15,Delhi,Cochin,10:00:00,01:30:00,930,1.0,No info,13377
Air India,2019-03-06,Delhi,Cochin,17:15:00,09:25:00,970,2.0,No info,9417
Indigo,2019-05-21,Kolkata,Banglore,21:25:00,00:05:00,160,0.0,No info,4804
Jet Airways,2019-05-01,Kolkata,Banglore,17:00:00,19:10:00,1570,1.0,In-flight meal not included,9314
Air India,2019-04-01,Kolkata,Banglore,17:30:00,08:55:00,925,1.0,No info,7893
Multiple Carriers,2019-06-15,Delhi,Cochin,07:05:00,19:15:00,730,1.0,No info,16108
Jet Airways,2019-05-09,Kolkata,Banglore,09:35:00,10:55:00,1520,1.0,No info,10953
Jet Airways,2019-03-21,Delhi,Cochin,10:45:00,18:50:00,1925,2.0,In-flight meal not included,7791
Jet Airways,2019-06-09,Kolkata,Banglore,20:00:00,16:20:00,1220,1.0,No info,14571
Spicejet,2019-04-06,Kolkata,Banglore,17:10:00,19:40:00,150,0.0,No check-in baggage included,3841
Spicejet,2019-05-15,Chennai,Kolkata,08:20:00,10:35:00,135,0.0,No info,3597
Jet Airways,2019-06-03,Delhi,Cochin,05:30:00,19:00:00,810,2.0,In-flight meal not included,10368
Jet Airways,2019-04-03,Mumbai,Hyderabad,10:20:00,11:50:00,90,0.0,No info,8040
Air Asia,2019-04-21,Delhi,Cochin,07:55:00,22:25:00,870,1.0,No info,7452
Jet Airways,2019-03-21,Delhi,Cochin,08:00:00,04:25:00,1225,1.0,No info,12767
Air India,2019-05-24,Delhi,Cochin,07:00:00,19:15:00,735,1.0,No info,9929
Jet Airways,2019-05-06,Kolkata,Banglore,14:05:00,12:00:00,1315,1.0,No info,14388
Multiple Carriers,2019-06-03,Delhi,Cochin,09:00:00,21:00:00,720,1.0,No info,13587
Indigo,2019-03-21,Delhi,Cochin,04:45:00,15:30:00,645,1.0,No info,7738
Vistara,2019-06-09,Kolkata,Banglore,07:10:00,20:20:00,790,1.0,No info,9555
Air Asia,2019-05-15,Kolkata,Banglore,06:50:00,10:30:00,220,1.0,No info,5162
Jet Airways,2019-06-24,Delhi,Cochin,02:15:00,12:35:00,620,1.0,In-flight meal not included,10262
Multiple Carriers,2019-06-24,Delhi,Cochin,06:00:00,21:00:00,900,1.0,No info,7740
Vistara,2019-06-09,Kolkata,Banglore,20:20:00,23:25:00,1625,1.0,No info,8085
Multiple Carriers,2019-06-24,Delhi,Cochin,15:00:00,01:30:00,630,1.0,No info,13377
Indigo,2019-05-21,Kolkata,Banglore,19:20:00,23:45:00,265,1.0,No info,3574
Air Asia,2019-03-18,Kolkata,Banglore,10:20:00,12:55:00,155,0.0,No info,4384
Jet Airways,2019-03-27,Delhi,Cochin,09:00:00,18:50:00,590,1.0,In-flight meal not included,5963
Air Asia,2019-04-09,Kolkata,Banglore,06:50:00,10:30:00,220,1.0,No info,5162
Jet Airways,2019-03-24,Kolkata,Banglore,08:25:00,16:20:00,475,1.0,In-flight meal not included,10031
Jet Airways,2019-03-24,Kolkata,Banglore,21:10:00,20:40:00,1410,1.0,In-flight meal not included,10031
Indigo,2019-06-06,Chennai,Kolkata,05:15:00,07:40:00,145,0.0,No info,3540
Air India,2019-05-15,Kolkata,Banglore,16:50:00,07:55:00,905,1.0,No info,8891
Indigo,2019-05-15,Delhi,Cochin,17:05:00,22:15:00,310,1.0,No info,6027
Jet Airways,2019-03-21,Delhi,Cochin,15:00:00,04:25:00,805,1.0,In-flight meal not included,6017
Indigo,2019-06-12,Banglore,Delhi,20:00:00,22:50:00,170,0.0,No info,4823
Jet Airways,2019-06-12,Kolkata,Banglore,10:20:00,17:35:00,435,1.0,In-flight meal not included,5608
Multiple Carriers,2019-03-03,Delhi,Cochin,18:15:00,01:35:00,440,1.0,No info,18916
Air India,2019-03-15,Mumbai,Hyderabad,06:20:00,07:40:00,80,0.0,No info,3100
Indigo,2019-03-09,Banglore,New Delhi,15:40:00,20:35:00,295,1.0,No info,5226
Air India,2019-04-03,Mumbai,Hyderabad,06:20:00,07:40:00,80,0.0,No info,3100
Air India,2019-05-06,Kolkata,Banglore,05:50:00,13:15:00,445,2.0,No info,7662
Indigo,2019-06-09,Banglore,Delhi,00:25:00,03:15:00,170,0.0,No info,3943
Jet Airways,2019-03-21,Banglore,New Delhi,05:45:00,21:20:00,935,1.0,In-flight meal not included,7832
Air India,2019-06-03,Delhi,Cochin,12:20:00,19:15:00,1855,2.0,No info,12488
Indigo,2019-06-15,Banglore,Delhi,10:10:00,13:00:00,170,0.0,No info,3943
Air India,2019-05-21,Delhi,Cochin,09:30:00,23:00:00,810,1.0,No info,8907
Jet Airways,2019-06-09,Kolkata,Banglore,09:35:00,22:05:00,750,1.0,No info,14676
Indigo,2019-05-27,Delhi,Cochin,04:55:00,21:00:00,965,1.0,No info,8784
Jet Airways,2019-03-27,Delhi,Cochin,02:15:00,04:25:00,1570,1.0,In-flight meal not included,6017
Jet Airways,2019-05-12,Kolkata,Banglore,20:25:00,23:35:00,1630,1.0,No info,10953
Jet Airways,2019-03-24,Kolkata,Banglore,19:45:00,04:45:00,540,1.0,No info,13759
Multiple Carriers,2019-05-15,Delhi,Cochin,10:00:00,01:30:00,930,1.0,No info,8073
Indigo,2019-04-24,Kolkata,Banglore,22:15:00,00:50:00,155,0.0,No info,4804
Spicejet,2019-04-06,Banglore,Delhi,09:30:00,12:20:00,170,0.0,No info,4423
Vistara,2019-05-06,Kolkata,Banglore,17:00:00,09:05:00,965,1.0,No info,8137
Spicejet,2019-03-15,Banglore,New Delhi,09:35:00,12:30:00,175,0.0,No info,6309
Jet Airways,2019-03-03,Delhi,Cochin,23:05:00,18:50:00,1185,1.0,No info,18253
Air India,2019-06-24,Delhi,Cochin,09:45:00,09:25:00,1420,2.0,No info,10975
Jet Airways,2019-05-15,Kolkata,Banglore,06:30:00,23:35:00,1025,1.0,In-flight meal not included,8586
Indigo,2019-03-18,Chennai,Kolkata,13:20:00,15:35:00,135,0.0,No info,3858
Spicejet,2019-03-09,Chennai,Kolkata,09:30:00,12:05:00,155,0.0,No info,6300
Jet Airways,2019-05-27,Delhi,Cochin,09:00:00,19:00:00,600,1.0,In-flight meal not included,10675
Jet Airways,2019-06-24,Banglore,Delhi,17:45:00,20:45:00,180,0.0,No info,8016
Multiple Carriers,2019-06-01,Delhi,Cochin,13:00:00,21:00:00,480,1.0,No info,7933
Jet Airways,2019-03-15,Banglore,New Delhi,07:00:00,12:25:00,325,1.0,In-flight meal not included,9134
Multiple Carriers,2019-06-15,Delhi,Cochin,04:55:00,19:00:00,845,1.0,No info,10678
Indigo,2019-05-27,Delhi,Cochin,02:00:00,07:25:00,325,1.0,No info,7164
Jet Airways,2019-05-24,Kolkata,Banglore,14:05:00,09:20:00,1155,1.0,No info,14178
Indigo,2019-03-24,Chennai,Kolkata,05:15:00,07:35:00,140,0.0,No info,4326
Spicejet,2019-05-18,Kolkata,Banglore,22:20:00,00:40:00,140,0.0,No info,3873
Jet Airways,2019-03-21,Banglore,New Delhi,05:45:00,15:15:00,570,1.0,In-flight meal not included,7832
Multiple Carriers,2019-06-03,Delhi,Cochin,08:00:00,19:15:00,675,1.0,No info,15058
Spicejet,2019-06-09,Banglore,Delhi,05:55:00,08:35:00,160,0.0,No info,3625
Air India,2019-05-18,Delhi,Cochin,19:45:00,19:15:00,1410,2.0,No info,10651
Indigo,2019-05-18,Delhi,Cochin,02:00:00,07:25:00,325,1.0,No info,7464
Air India,2019-06-03,Delhi,Cochin,20:15:00,19:15:00,1380,2.0,No info,13381
Vistara,2019-04-01,Kolkata,Banglore,07:10:00,10:45:00,1655,1.0,No info,8505
Jet Airways,2019-03-06,Banglore,New Delhi,11:40:00,11:25:00,1425,1.0,No info,17261
Jet Airways,2019-03-24,Kolkata,Banglore,18:55:00,12:00:00,1025,1.0,No info,14231
Multiple Carriers,2019-03-09,Delhi,Cochin,04:45:00,19:45:00,900,1.0,No info,10782
Jet Airways,2019-05-03,Banglore,Delhi,17:45:00,20:45:00,180,0.0,No info,7229
Jet Airways,2019-06-15,Delhi,Cochin,09:40:00,04:25:00,1125,2.0,In-flight meal not included,10368
Indigo,2019-05-03,Chennai,Kolkata,19:35:00,21:55:00,140,0.0,No info,3597
Multiple Carriers,2019-05-09,Delhi,Cochin,08:30:00,19:00:00,630,1.0,No info,9627
Jet Airways,2019-06-03,Delhi,Cochin,18:25:00,12:35:00,1090,2.0,No info,14237
Air Asia,2019-05-24,Kolkata,Banglore,06:50:00,10:30:00,220,1.0,No info,5162
Multiple Carriers,2019-06-03,Delhi,Cochin,10:00:00,19:15:00,555,1.0,No info,14848
Indigo,2019-05-03,Banglore,Delhi,08:30:00,11:20:00,170,0.0,No info,4823
Vistara,2019-03-24,Kolkata,Banglore,17:00:00,18:45:00,1545,1.0,No info,13100
Air India,2019-06-06,Kolkata,Banglore,05:50:00,08:55:00,1625,2.0,No info,12723
Multiple Carriers,2019-06-15,Delhi,Cochin,06:40:00,19:15:00,755,1.0,No info,8614
Jet Airways,2019-05-15,Kolkata,Banglore,09:35:00,22:05:00,750,1.0,In-flight meal not included,10703
Jet Airways,2019-03-03,Delhi,Cochin,11:30:00,04:25:00,1015,1.0,No info,19828
Air Asia,2019-04-01,Banglore,Delhi,04:55:00,07:45:00,170,0.0,No info,4282
Indigo,2019-05-06,Banglore,Delhi,13:00:00,15:50:00,170,0.0,No info,3943
Spicejet,2019-06-15,Chennai,Kolkata,08:20:00,10:35:00,135,0.0,No info,3597
Jet Airways,2019-06-12,Kolkata,Banglore,08:25:00,18:15:00,590,1.0,No info,13626
Jet Airways,2019-06-03,Delhi,Cochin,21:50:00,04:25:00,395,1.0,No info,16079
Multiple Carriers,2019-05-18,Delhi,Cochin,07:30:00,19:15:00,705,1.0,No info,7564
Vistara,2019-04-09,Banglore,Delhi,19:30:00,22:15:00,165,0.0,No info,5613
Multiple Carriers,2019-03-06,Delhi,Cochin,07:30:00,18:50:00,680,1.0,No info,15411
Jet Airways,2019-05-18,Delhi,Cochin,19:45:00,04:25:00,520,1.0,In-flight meal not included,12373
Multiple Carriers,2019-03-09,Delhi,Cochin,17:00:00,01:35:00,515,1.0,No info,14343
Air Asia,2019-05-18,Kolkata,Banglore,10:20:00,12:55:00,155,0.0,No info,5645
Jet Airways,2019-03-01,Banglore,New Delhi,14:05:00,19:10:00,305,1.0,No info,36235
Indigo,2019-06-12,Mumbai,Hyderabad,06:25:00,07:55:00,90,0.0,No info,4049
Multiple Carriers,2019-06-06,Delhi,Cochin,13:00:00,01:30:00,750,1.0,No info,13377
Indigo,2019-06-06,Delhi,Cochin,20:25:00,01:30:00,305,1.0,No info,5054
Air India,2019-05-06,Kolkata,Banglore,17:30:00,08:55:00,925,1.0,No info,10203
Air India,2019-05-09,Delhi,Cochin,10:00:00,19:15:00,555,1.0,No info,8372
Multiple Carriers,2019-06-01,Delhi,Cochin,17:30:00,01:30:00,480,1.0,No info,13377
Jet Airways,2019-06-09,Delhi,Cochin,05:30:00,04:25:00,1375,2.0,No info,13292
Jet Airways,2019-05-01,Kolkata,Banglore,14:05:00,04:40:00,875,1.0,No info,13941
Jet Airways,2019-03-15,Banglore,New Delhi,11:40:00,08:15:00,1235,1.0,In-flight meal not included,9134
Jet Airways,2019-05-24,Kolkata,Banglore,10:20:00,17:35:00,435,1.0,No info,8781
Multiple Carriers,2019-05-09,Delhi,Cochin,11:25:00,19:15:00,470,1.0,No info,7575
Jet Airways,2019-06-24,Delhi,Cochin,18:15:00,12:35:00,1100,1.0,In-flight meal not included,10262
Indigo,2019-06-27,Delhi,Cochin,21:50:00,03:35:00,345,1.0,No info,5775
Jet Airways,2019-06-24,Banglore,Delhi,15:15:00,18:10:00,175,0.0,In-flight meal not included,5769
Multiple Carriers,2019-05-18,Delhi,Cochin,10:00:00,01:30:00,930,1.0,No info,8073
Air India,2019-03-06,Kolkata,Banglore,14:15:00,16:45:00,150,0.0,No info,4960
Vistara,2019-03-09,Banglore,New Delhi,09:50:00,12:35:00,165,0.0,No info,11598
Jet Airways,2019-05-06,Kolkata,Banglore,09:35:00,23:35:00,840,1.0,No info,12121
Vistara,2019-05-24,Chennai,Kolkata,17:45:00,20:05:00,140,0.0,No info,11982
Indigo,2019-04-15,Delhi,Cochin,05:05:00,16:10:00,665,1.0,No info,6171
Air India,2019-06-15,Delhi,Cochin,06:10:00,23:00:00,1010,1.0,No info,8907
Indigo,2019-05-06,Kolkata,Banglore,21:25:00,00:05:00,160,0.0,No info,4804
Air India,2019-03-18,Kolkata,Banglore,14:15:00,16:45:00,150,0.0,No info,5170
Air Asia,2019-04-01,Kolkata,Banglore,22:50:00,01:20:00,150,0.0,No info,4107
Air India,2019-06-01,Delhi,Cochin,21:00:00,19:15:00,1335,1.0,No info,8582
Spicejet,2019-06-15,Kolkata,Banglore,14:55:00,17:25:00,150,0.0,No check-in baggage included,3841
Indigo,2019-06-01,Delhi,Cochin,08:35:00,22:30:00,835,1.0,No info,6442
Indigo,2019-06-24,Chennai,Kolkata,13:15:00,15:35:00,140,0.0,No info,3597
Jet Airways,2019-05-24,Mumbai,Hyderabad,02:55:00,04:20:00,85,0.0,In-flight meal not included,4995
Indigo,2019-03-06,Delhi,Cochin,15:00:00,01:35:00,635,1.0,No info,14871
Jet Airways,2019-06-27,Mumbai,Hyderabad,08:45:00,10:15:00,90,0.0,No info,8040
Spicejet,2019-04-12,Banglore,Delhi,05:55:00,08:35:00,160,0.0,No check-in baggage included,4319
Air India,2019-03-09,Delhi,Cochin,23:00:00,07:40:00,520,1.0,No info,10840
Spicejet,2019-03-24,Chennai,Kolkata,08:20:00,10:35:00,135,0.0,No info,3859
Jet Airways,2019-03-27,Delhi,Cochin,19:10:00,19:45:00,1475,2.0,No info,10976
Vistara,2019-03-24,Kolkata,Banglore,07:10:00,18:45:00,695,1.0,No info,16932
Indigo,2019-06-27,Chennai,Kolkata,19:35:00,21:55:00,140,0.0,No info,3597
Indigo,2019-05-09,Kolkata,Banglore,04:40:00,07:15:00,155,0.0,No info,4804
Multiple Carriers,2019-06-03,Delhi,Cochin,08:45:00,21:00:00,735,1.0,No info,7740
Jet Airways,2019-06-27,Delhi,Cochin,13:25:00,12:35:00,1390,2.0,In-flight meal not included,11150
Air India,2019-06-06,Kolkata,Banglore,09:50:00,21:05:00,675,1.0,No info,7452
Air Asia,2019-06-06,Banglore,Delhi,11:10:00,13:55:00,165,0.0,No info,4483
Jet Airways,2019-06-09,Delhi,Cochin,09:40:00,04:25:00,1125,2.0,In-flight meal not included,10368
Jet Airways,2019-03-27,Delhi,Cochin,16:00:00,04:25:00,745,1.0,In-flight meal not included,6540
Jet Airways,2019-06-09,Kolkata,Banglore,14:05:00,20:45:00,400,1.0,In-flight meal not included,10844
Air Asia,2019-04-24,Banglore,Delhi,04:55:00,07:45:00,170,0.0,No info,3383
Air India,2019-06-27,Delhi,Cochin,13:15:00,09:25:00,1210,2.0,No info,8839
Air India,2019-06-12,Kolkata,Banglore,05:50:00,08:55:00,1625,2.0,No info,12723
Jet Airways,2019-03-18,Mumbai,Hyderabad,10:20:00,11:50:00,90,0.0,In-flight meal not included,4160
Jet Airways,2019-03-15,Mumbai,Hyderabad,15:50:00,17:20:00,90,0.0,No info,5678
Jet Airways,2019-03-03,Mumbai,Hyderabad,19:35:00,21:05:00,90,0.0,No info,5678
Air India,2019-05-15,Delhi,Cochin,17:15:00,19:15:00,1560,2.0,No info,13039
Indigo,2019-05-18,Delhi,Cochin,05:05:00,16:10:00,665,1.0,No info,6818
Indigo,2019-03-27,Mumbai,Hyderabad,12:00:00,13:25:00,85,0.0,No info,2754
Jet Airways,2019-05-21,Kolkata,Banglore,18:55:00,19:50:00,1495,1.0,In-flight meal not included,10844
Indigo,2019-04-27,Banglore,Delhi,16:55:00,19:55:00,180,0.0,No info,4823
Multiple Carriers,2019-05-21,Delhi,Cochin,11:25:00,19:15:00,470,1.0,No info,7575
Multiple Carriers,2019-05-18,Delhi,Cochin,06:00:00,19:00:00,780,1.0,No info,9794
Indigo,2019-03-21,Delhi,Cochin,02:00:00,07:45:00,345,1.0,No info,6426
Air India,2019-05-01,Kolkata,Banglore,17:30:00,13:45:00,1215,2.0,No info,15164
Air Asia,2019-03-15,Banglore,New Delhi,05:50:00,08:40:00,170,0.0,No info,5615
Indigo,2019-03-27,Chennai,Kolkata,19:35:00,21:55:00,140,0.0,No info,3858
Air India,2019-04-24,Banglore,Delhi,10:00:00,12:45:00,165,0.0,No info,6121
Indigo,2019-06-12,Delhi,Cochin,04:55:00,21:00:00,965,1.0,No info,5894
Indigo,2019-05-01,Banglore,Delhi,04:00:00,06:50:00,170,0.0,No info,3943
Indigo,2019-03-03,Delhi,Cochin,07:30:00,21:00:00,810,1.0,No info,14871
Jet Airways,2019-05-18,Kolkata,Banglore,08:25:00,18:15:00,590,1.0,In-flight meal not included,10844
Jet Airways,2019-06-27,Mumbai,Hyderabad,19:35:00,21:05:00,90,0.0,No info,5678
Indigo,2019-05-21,Delhi,Cochin,08:35:00,18:10:00,575,1.0,No info,6442
Vistara,2019-06-06,Banglore,Delhi,17:00:00,19:35:00,155,0.0,No info,4878
Jet Airways,2019-05-18,Kolkata,Banglore,05:45:00,09:20:00,1655,1.0,No info,14388
Spicejet,2019-06-03,Delhi,Cochin,06:05:00,11:20:00,315,1.0,No info,5583
Indigo,2019-04-27,Banglore,Delhi,21:15:00,00:15:00,180,0.0,No info,3943
Air India,2019-06-06,Delhi,Cochin,05:55:00,19:15:00,800,2.0,No info,10861
Multiple Carriers,2019-03-03,Delhi,Cochin,04:00:00,13:20:00,560,1.0,No info,14973
Jet Airways,2019-03-12,Banglore,New Delhi,20:35:00,09:30:00,775,1.0,In-flight meal not included,11087
Jet Airways,2019-03-12,Banglore,New Delhi,18:55:00,20:20:00,1525,1.0,In-flight meal not included,11087
Air India,2019-06-15,Delhi,Cochin,07:05:00,09:25:00,1580,2.0,No info,10975
Jet Airways,2019-06-06,Kolkata,Banglore,18:55:00,10:05:00,910,1.0,No info,14571
Indigo,2019-06-24,Delhi,Cochin,07:35:00,16:10:00,515,1.0,No info,6442
Multiple Carriers,2019-06-06,Delhi,Cochin,11:40:00,21:00:00,560,1.0,No info,7005
Jet Airways,2019-05-15,Kolkata,Banglore,17:00:00,21:05:00,1685,1.0,No info,14151
Multiple Carriers,2019-05-27,Delhi,Cochin,11:30:00,01:30:00,840,1.0,In-flight meal not included,6733
Jet Airways,2019-03-18,Banglore,New Delhi,05:45:00,10:45:00,300,1.0,No info,12284
Indigo,2019-03-21,Delhi,Cochin,07:35:00,12:00:00,265,1.0,No info,5073
Jet Airways,2019-05-24,Kolkata,Banglore,20:25:00,09:45:00,800,1.0,No info,13067
Indigo,2019-03-12,Kolkata,Banglore,05:30:00,08:20:00,170,0.0,No info,4148
Vistara,2019-04-24,Banglore,Delhi,07:00:00,09:40:00,160,0.0,No info,5403
Indigo,2019-03-15,Kolkata,Banglore,09:35:00,12:20:00,165,0.0,No info,4148
Indigo,2019-06-18,Delhi,Cochin,05:35:00,08:50:00,195,0.0,No info,5000
Air India,2019-03-18,Banglore,New Delhi,08:50:00,23:25:00,875,2.0,No info,11728
Indigo,2019-03-09,Delhi,Cochin,02:35:00,08:30:00,355,1.0,No info,11532
Spicejet,2019-06-06,Delhi,Cochin,08:45:00,13:15:00,270,1.0,No check-in baggage included,5158
Spicejet,2019-04-27,Banglore,Delhi,05:55:00,08:35:00,160,0.0,No info,4423
Air India,2019-05-18,Delhi,Cochin,16:40:00,19:15:00,1595,2.0,No info,9863
Multiple Carriers,2019-03-03,Delhi,Cochin,08:00:00,18:50:00,650,1.0,No info,15342
Jet Airways,2019-06-12,Delhi,Cochin,02:15:00,19:00:00,1005,1.0,No info,14714
Spicejet,2019-03-06,Kolkata,Banglore,22:20:00,00:40:00,140,0.0,No info,3849
Spicejet,2019-06-06,Banglore,Delhi,21:10:00,00:05:00,175,0.0,No check-in baggage included,3257
Air Asia,2019-03-09,Banglore,New Delhi,05:50:00,08:40:00,170,0.0,No info,7652
Multiple Carriers,2019-03-03,Delhi,Cochin,07:00:00,13:20:00,380,1.0,No info,15603
Jet Airways,2019-06-03,Delhi,Cochin,21:25:00,19:00:00,1295,2.0,No info,13292
Indigo,2019-04-12,Banglore,Delhi,18:55:00,21:50:00,175,0.0,No info,5780
Indigo,2019-05-09,Mumbai,Hyderabad,19:05:00,20:35:00,90,0.0,No info,4392
Air India,2019-05-24,Mumbai,Hyderabad,19:30:00,20:45:00,75,0.0,No info,3625
Jet Airways,2019-04-21,Banglore,Delhi,17:45:00,20:45:00,180,0.0,No info,7229
Air India,2019-03-09,Delhi,Cochin,04:00:00,07:40:00,1660,1.0,No info,10315
Jet Airways,2019-04-01,Kolkata,Banglore,16:30:00,20:45:00,1695,1.0,In-flight meal not included,7064
Indigo,2019-03-09,Kolkata,Banglore,14:20:00,16:55:00,155,0.0,No info,4148
Goair,2019-05-01,Delhi,Cochin,07:25:00,13:35:00,370,1.0,No info,5842
Vistara,2019-05-12,Banglore,Delhi,21:00:00,23:50:00,170,0.0,No info,4668
Jet Airways,2019-03-27,Delhi,Cochin,17:35:00,19:45:00,1570,2.0,In-flight meal not included,8098
Multiple Carriers,2019-05-21,Delhi,Cochin,10:35:00,19:15:00,520,1.0,No info,7575
Indigo,2019-05-03,Banglore,Delhi,23:30:00,02:20:00,170,0.0,No info,4591
Indigo,2019-04-09,Kolkata,Banglore,20:20:00,22:55:00,155,0.0,No info,4488
Indigo,2019-06-27,Mumbai,Hyderabad,12:00:00,13:30:00,90,0.0,No info,2754
Jet Airways,2019-03-24,Banglore,New Delhi,11:40:00,09:00:00,1280,1.0,In-flight meal not included,8147
Jet Airways,2019-05-21,Kolkata,Banglore,09:35:00,23:35:00,840,1.0,No info,14151
Indigo,2019-05-18,Kolkata,Banglore,09:20:00,14:15:00,295,1.0,No info,12198
Air India,2019-06-03,Delhi,Cochin,19:45:00,19:15:00,1410,2.0,No info,10441
Jet Airways,2019-06-03,Delhi,Cochin,09:40:00,12:35:00,1615,2.0,No info,13014
Jet Airways,2019-05-06,Kolkata,Banglore,20:25:00,22:05:00,1540,1.0,In-flight meal not included,9314
Multiple Carriers,2019-06-15,Delhi,Cochin,14:55:00,22:30:00,455,1.0,In-flight meal not included,6093
Vistara,2019-03-06,Mumbai,Hyderabad,21:55:00,09:25:00,690,1.0,No info,12395
Jet Airways,2019-03-21,Banglore,New Delhi,08:00:00,15:15:00,435,1.0,In-flight meal not included,7832
Jet Airways,2019-05-09,Kolkata,Banglore,08:25:00,04:40:00,1215,1.0,No info,13941
Air India,2019-05-24,Kolkata,Banglore,05:50:00,23:15:00,1045,2.0,No info,12723
Jet Airways,2019-03-09,Delhi,Cochin,20:10:00,04:25:00,495,2.0,No info,20904
Air India,2019-03-24,Kolkata,Banglore,09:25:00,05:35:00,1210,2.0,No info,12352
Jet Airways,2019-05-15,Banglore,Delhi,15:15:00,18:10:00,175,0.0,In-flight meal not included,3502
Air India,2019-05-09,Delhi,Cochin,20:40:00,09:25:00,765,1.0,No info,7480
Indigo,2019-06-24,Mumbai,Hyderabad,16:55:00,18:25:00,90,0.0,No info,3175
Indigo,2019-03-06,Delhi,Cochin,02:05:00,07:25:00,320,1.0,No info,10851
Air India,2019-03-24,Kolkata,Banglore,20:30:00,12:30:00,960,1.0,No info,12173
Air India,2019-04-09,Delhi,Cochin,05:55:00,19:15:00,2240,2.0,No info,7711
Air India,2019-03-24,Kolkata,Banglore,09:25:00,18:30:00,545,1.0,No info,10493
Jet Airways,2019-06-18,Mumbai,Hyderabad,07:05:00,08:30:00,85,0.0,In-flight meal not included,4995
Multiple Carriers,2019-03-21,Delhi,Cochin,10:20:00,01:35:00,915,1.0,No info,7695
Air India,2019-06-24,Delhi,Cochin,14:25:00,19:15:00,1730,2.0,No info,13381
Jet Airways,2019-06-12,Kolkata,Banglore,14:05:00,18:15:00,1690,1.0,In-flight meal not included,8529
Jet Airways,2019-04-09,Delhi,Cochin,22:50:00,04:25:00,335,1.0,No info,12242
Jet Airways,2019-03-24,Banglore,New Delhi,08:55:00,09:00:00,1445,1.0,In-flight meal not included,8147
Multiple Carriers,2019-03-27,Delhi,Cochin,07:30:00,21:00:00,810,1.0,No info,8055
Multiple Carriers,2019-06-06,Delhi,Cochin,11:40:00,01:30:00,830,1.0,No info,6795
Multiple Carriers,2019-06-24,Delhi,Cochin,08:30:00,19:00:00,630,1.0,No info,10877
Jet Airways,2019-03-09,Delhi,Cochin,18:15:00,18:50:00,1475,1.0,In-flight meal not included,14053
Multiple Carriers,2019-06-09,Delhi,Cochin,11:40:00,01:30:00,830,1.0,No info,6795
Spicejet,2019-03-27,Kolkata,Banglore,09:00:00,11:30:00,150,0.0,No info,3847
Jet Airways,2019-05-18,Delhi,Cochin,07:05:00,19:00:00,715,1.0,No info,15554
Jet Airways,2019-03-12,Banglore,New Delhi,07:00:00,23:00:00,960,1.0,No info,13817
Multiple Carriers,2019-06-06,Delhi,Cochin,17:50:00,01:30:00,460,2.0,No info,18275
Air Asia,2019-04-06,Kolkata,Banglore,19:55:00,22:25:00,150,0.0,No info,3807
Air India,2019-03-03,Banglore,New Delhi,06:55:00,13:20:00,385,1.0,No info,10924
Jet Airways,2019-04-21,Banglore,Delhi,06:00:00,08:45:00,165,0.0,In-flight meal not included,4544
Air Asia,2019-04-27,Kolkata,Banglore,19:55:00,22:25:00,150,0.0,No info,4409
Jet Airways,2019-05-09,Delhi,Cochin,09:40:00,19:00:00,560,2.0,No info,15129
Multiple Carriers,2019-05-27,Delhi,Cochin,10:00:00,01:30:00,930,1.0,No info,9508
Jet Airways,2019-05-18,Delhi,Cochin,09:40:00,12:35:00,1615,2.0,No info,15129
Multiple Carriers,2019-06-01,Delhi,Cochin,12:50:00,21:00:00,490,1.0,No info,7005
Indigo,2019-05-18,Delhi,Cochin,16:00:00,01:30:00,570,1.0,No info,7191
Jet Airways,2019-03-24,Kolkata,Banglore,16:55:00,19:40:00,1605,1.0,No info,14231
Jet Airways,2019-04-06,Delhi,Cochin,07:05:00,19:00:00,715,1.0,In-flight meal not included,5406
Jet Airways,2019-06-27,Mumbai,Hyderabad,10:20:00,11:50:00,90,0.0,No info,8040
Spicejet,2019-04-06,Banglore,Delhi,09:30:00,12:20:00,170,0.0,No check-in baggage included,4319
Jet Airways,2019-05-09,Kolkata,Banglore,09:35:00,10:55:00,1520,1.0,In-flight meal not included,8066
Jet Airways,2019-05-06,Kolkata,Banglore,17:00:00,09:45:00,1005,1.0,No info,10953
Jet Airways,2019-05-12,Kolkata,Banglore,06:30:00,16:20:00,590,1.0,In-flight meal not included,10844
Jet Airways,2019-03-06,Banglore,New Delhi,16:55:00,09:00:00,965,1.0,No info,17261
Jet Airways,2019-05-27,Delhi,Cochin,09:40:00,04:25:00,1125,2.0,In-flight meal not included,13029
Indigo,2019-05-12,Kolkata,Banglore,20:20:00,22:55:00,155,0.0,No info,4804
Jet Airways,2019-03-09,Banglore,New Delhi,05:45:00,11:25:00,340,1.0,In-flight meal not included,11087
Jet Airways,2019-06-15,Delhi,Cochin,18:15:00,19:00:00,1485,1.0,In-flight meal not included,10262
Indigo,2019-05-15,Chennai,Kolkata,11:35:00,14:00:00,145,0.0,No info,4332
Jet Airways,2019-03-09,Banglore,New Delhi,08:55:00,10:45:00,1550,1.0,In-flight meal not included,11087
Indigo,2019-03-15,Banglore,New Delhi,23:30:00,02:20:00,170,0.0,No info,8033
Indigo,2019-04-03,Banglore,Delhi,21:15:00,00:15:00,180,0.0,No info,3943
Air Asia,2019-04-21,Kolkata,Banglore,22:50:00,01:20:00,150,0.0,No info,5645
Jet Airways,2019-03-15,Mumbai,Hyderabad,19:35:00,21:05:00,90,0.0,No info,5678
Jet Airways,2019-06-21,Mumbai,Hyderabad,19:35:00,21:05:00,90,0.0,No info,5678
Air India,2019-05-21,Mumbai,Hyderabad,21:05:00,22:25:00,80,0.0,No info,3100
Jet Airways,2019-03-06,Delhi,Cochin,22:20:00,04:25:00,365,1.0,No info,15764
Jet Airways,2019-03-21,Banglore,New Delhi,14:05:00,21:20:00,435,1.0,In-flight meal not included,7832
Indigo,2019-05-21,Delhi,Cochin,10:35:00,01:30:00,895,1.0,No info,6794
Air India,2019-05-18,Delhi,Cochin,12:30:00,09:25:00,1255,1.0,No info,7480
Air Asia,2019-03-03,Banglore,New Delhi,05:50:00,08:40:00,170,0.0,No info,7074
Air India,2019-05-09,Mumbai,Hyderabad,19:30:00,20:45:00,75,0.0,No info,3100
Indigo,2019-06-03,Mumbai,Hyderabad,12:00:00,13:30:00,90,0.0,No info,2754
Air India,2019-04-01,Kolkata,Banglore,12:00:00,21:50:00,590,2.0,No info,9258
Jet Airways,2019-03-06,Banglore,New Delhi,22:50:00,23:00:00,1450,1.0,No info,17471
Multiple Carriers,2019-05-09,Delhi,Cochin,08:45:00,19:15:00,630,1.0,No info,8266
Jet Airways,2019-03-27,Mumbai,Hyderabad,19:35:00,21:05:00,90,0.0,No info,5678
Jet Airways,2019-03-21,Banglore,New Delhi,05:45:00,00:45:00,1140,1.0,In-flight meal not included,7832
Jet Airways,2019-06-03,Delhi,Cochin,19:15:00,04:25:00,550,1.0,In-flight meal not included,10262
Multiple Carriers,2019-03-27,Delhi,Cochin,06:40:00,19:15:00,755,1.0,No info,9100
Indigo,2019-06-06,Banglore,Delhi,01:30:00,04:15:00,165,0.0,No info,3943
Multiple Carriers,2019-06-24,Delhi,Cochin,09:15:00,19:00:00,585,1.0,No info,11622
Air India,2019-03-03,Delhi,Cochin,19:45:00,19:15:00,1410,2.0,No info,12646
Jet Airways,2019-06-01,Delhi,Cochin,02:15:00,04:25:00,1570,1.0,In-flight meal not included,10262
Multiple Carriers,2019-03-21,Delhi,Cochin,10:00:00,01:35:00,935,1.0,No info,8098
Jet Airways,2019-06-12,Kolkata,Banglore,16:30:00,04:40:00,730,1.0,In-flight meal not included,6224
Indigo,2019-03-27,Delhi,Cochin,06:40:00,21:20:00,880,2.0,No info,6494
Jet Airways,2019-03-21,Delhi,Cochin,11:30:00,04:25:00,1015,1.0,In-flight meal not included,7438
Jet Airways,2019-05-15,Banglore,Delhi,11:10:00,14:05:00,175,0.0,In-flight meal not included,4030
Air India,2019-06-09,Kolkata,Banglore,09:25:00,07:55:00,1350,1.0,No info,8366
Jet Airways,2019-03-21,Banglore,New Delhi,08:00:00,21:20:00,800,1.0,In-flight meal not included,7832
Indigo,2019-05-06,Kolkata,Banglore,22:15:00,00:50:00,155,0.0,No info,4804
Jet Airways,2019-06-12,Delhi,Cochin,20:55:00,04:25:00,450,1.0,In-flight meal not included,10262
Air India,2019-03-01,Banglore,New Delhi,08:50:00,23:55:00,2345,2.0,No info,17135
Air India,2019-04-01,Kolkata,Banglore,17:30:00,12:00:00,1110,1.0,No info,7893
Air India,2019-05-15,Kolkata,Banglore,09:25:00,18:30:00,545,1.0,No info,8891
Jet Airways,2019-06-27,Delhi,Cochin,13:25:00,19:00:00,1775,2.0,No info,15339
Multiple Carriers,2019-06-03,Delhi,Cochin,19:00:00,01:30:00,390,1.0,No info,7198
Indigo,2019-05-03,Kolkata,Banglore,15:30:00,18:05:00,155,0.0,No info,4804
Multiple Carriers,2019-06-09,Delhi,Cochin,03:50:00,19:00:00,910,1.0,No info,12192
Jet Airways,2019-03-12,Banglore,New Delhi,22:55:00,07:40:00,525,1.0,No info,13817
Jet Airways,2019-05-21,Banglore,Delhi,17:45:00,20:45:00,180,0.0,In-flight meal not included,4030
Jet Airways,2019-03-27,Delhi,Cochin,06:20:00,18:50:00,750,2.0,No info,11538
Air India,2019-06-27,Banglore,Delhi,17:00:00,19:45:00,165,0.0,No info,6961
Jet Airways,2019-05-21,Delhi,Cochin,21:50:00,04:25:00,395,1.0,No info,16079
Vistara,2019-03-09,Banglore,New Delhi,19:40:00,22:20:00,160,0.0,No info,8290
Jet Airways,2019-03-18,Banglore,New Delhi,11:40:00,10:25:00,1365,1.0,In-flight meal not included,11087
Indigo,2019-03-21,Banglore,New Delhi,06:00:00,08:45:00,165,0.0,No info,5734
Indigo,2019-06-06,Banglore,Delhi,07:10:00,10:05:00,175,0.0,No info,4823
Spicejet,2019-06-27,Mumbai,Hyderabad,13:15:00,14:45:00,90,0.0,No check-in baggage included,1965
Jet Airways,2019-05-18,Delhi,Cochin,18:15:00,12:35:00,1100,1.0,In-flight meal not included,12373
Air India,2019-05-24,Mumbai,Hyderabad,15:00:00,16:25:00,85,0.0,No info,3100
Jet Airways,2019-03-12,Banglore,New Delhi,08:55:00,21:20:00,745,1.0,No info,13817
Indigo,2019-03-06,Delhi,Cochin,02:35:00,08:30:00,355,1.0,No info,13790
Air India,2019-05-06,Kolkata,Banglore,09:25:00,01:20:00,955,2.0,No info,11458
Indigo,2019-05-18,Banglore,Delhi,20:00:00,22:50:00,170,0.0,No info,4823
Air India,2019-04-09,Delhi,Cochin,13:05:00,07:40:00,1115,2.0,No info,8577
Spicejet,2019-03-09,Kolkata,Banglore,06:55:00,09:35:00,160,0.0,No info,4622
Vistara,2019-06-09,Delhi,Cochin,14:40:00,17:50:00,190,0.0,No info,6216
Jet Airways,2019-03-21,Banglore,New Delhi,14:05:00,19:10:00,305,1.0,In-flight meal not included,7832
Jet Airways,2019-06-06,Kolkata,Banglore,20:25:00,23:35:00,1630,1.0,No info,14151
Jet Airways,2019-03-09,Mumbai,Hyderabad,19:40:00,21:10:00,90,0.0,In-flight meal not included,4050
Vistara,2019-03-27,Chennai,Kolkata,07:05:00,09:20:00,135,0.0,No info,3739
Air Asia,2019-05-03,Kolkata,Banglore,10:20:00,12:55:00,155,0.0,No info,4409
Jet Airways,2019-06-03,Delhi,Cochin,09:35:00,12:35:00,1620,2.0,In-flight meal not included,11507
Jet Airways,2019-06-06,Delhi,Cochin,20:55:00,19:00:00,1325,1.0,No info,14714
Air India,2019-05-21,Kolkata,Banglore,09:25:00,05:25:00,1200,2.0,No info,14687
Air India,2019-04-09,Banglore,Delhi,21:05:00,23:55:00,170,0.0,No info,4441
Spicejet,2019-05-01,Mumbai,Hyderabad,13:15:00,14:45:00,90,0.0,No check-in baggage included,2385
Jet Airways,2019-06-03,Delhi,Cochin,20:55:00,04:25:00,450,1.0,No info,14714
Indigo,2019-05-15,Kolkata,Banglore,21:25:00,00:05:00,160,0.0,No info,4804
Jet Airways,2019-03-27,Delhi,Cochin,19:10:00,19:45:00,1475,2.0,In-flight meal not included,6643
Air Asia,2019-05-21,Banglore,Delhi,11:10:00,13:55:00,165,0.0,No info,3383
Jet Airways,2019-04-01,Kolkata,Banglore,08:25:00,22:35:00,850,1.0,In-flight meal not included,7064
Jet Airways,2019-06-09,Delhi,Cochin,17:30:00,12:35:00,1145,1.0,In-flight meal not included,10262
Multiple Carriers,2019-06-27,Delhi,Cochin,08:45:00,19:15:00,630,1.0,No info,8266
Indigo,2019-06-24,Delhi,Cochin,07:35:00,12:10:00,275,1.0,No info,5054
Multiple Carriers,2019-05-18,Delhi,Cochin,07:05:00,19:15:00,730,1.0,No info,14533
Jet Airways,2019-06-12,Kolkata,Banglore,06:30:00,04:40:00,1330,1.0,In-flight meal not included,7594
Air India,2019-03-03,Delhi,Cochin,22:00:00,19:15:00,1275,2.0,No info,22096
Multiple Carriers,2019-06-01,Delhi,Cochin,08:45:00,19:00:00,615,1.0,No info,12524
Air India,2019-03-03,Banglore,New Delhi,13:20:00,16:10:00,170,0.0,No info,12841
Jet Airways,2019-06-15,Banglore,Delhi,11:10:00,14:05:00,175,0.0,No info,8016
Indigo,2019-03-03,Delhi,Cochin,05:35:00,10:10:00,275,1.0,No info,13753
Jet Airways,2019-05-12,Kolkata,Banglore,09:35:00,23:35:00,840,1.0,No info,14151
Jet Airways,2019-06-12,Kolkata,Banglore,18:55:00,12:00:00,1025,1.0,In-flight meal not included,8529
Multiple Carriers,2019-05-27,Delhi,Cochin,13:15:00,22:30:00,555,1.0,No info,9646
Jet Airways,2019-06-15,Banglore,Delhi,15:15:00,18:10:00,175,0.0,In-flight meal not included,7229
Goair,2019-03-06,Delhi,Cochin,14:10:00,19:20:00,310,1.0,No info,19495
Jet Airways,2019-03-21,Delhi,Cochin,17:30:00,18:50:00,1520,1.0,In-flight meal not included,5963
Air India,2019-03-18,Banglore,New Delhi,06:45:00,16:30:00,2025,2.0,No info,10835
Indigo,2019-03-06,Delhi,Cochin,11:30:00,21:00:00,570,1.0,No info,14871
Spicejet,2019-05-09,Mumbai,Hyderabad,13:15:00,14:45:00,90,0.0,No check-in baggage included,2175
Air India,2019-05-01,Kolkata,Banglore,09:50:00,23:15:00,805,2.0,No info,13227
Multiple Carriers,2019-03-27,Delhi,Cochin,07:30:00,19:15:00,705,1.0,No info,9100
Jet Airways,2019-06-03,Delhi,Cochin,20:55:00,12:35:00,940,1.0,In-flight meal not included,10262
Air India,2019-03-03,Banglore,New Delhi,10:30:00,11:20:00,1490,1.0,No info,11003
Air India,2019-06-09,Kolkata,Banglore,16:45:00,21:05:00,1700,1.0,No info,7662
Indigo,2019-03-27,Delhi,Cochin,04:45:00,15:30:00,645,1.0,No info,7048
Indigo,2019-04-09,Kolkata,Banglore,15:15:00,20:05:00,290,1.0,No info,4268
Indigo,2019-05-15,Kolkata,Banglore,07:10:00,12:40:00,330,1.0,No info,4864
Multiple Carriers,2019-06-15,Delhi,Cochin,08:00:00,21:00:00,780,1.0,No info,7408
Vistara,2019-05-24,Kolkata,Banglore,20:20:00,23:25:00,1625,1.0,No info,9345
Indigo,2019-06-06,Delhi,Cochin,06:50:00,22:30:00,940,1.0,No info,6674
Air India,2019-03-06,Delhi,Cochin,18:05:00,21:10:00,185,0.0,No info,7931
Jet Airways,2019-05-09,Delhi,Cochin,09:00:00,19:00:00,600,1.0,No info,15554
Air India,2019-05-12,Kolkata,Banglore,10:00:00,01:20:00,920,2.0,No info,12140
Spicejet,2019-04-12,Banglore,Delhi,09:30:00,12:20:00,170,0.0,No check-in baggage included,4885
Jet Airways,2019-06-06,Delhi,Cochin,09:40:00,04:25:00,1125,2.0,No info,13014
Air India,2019-04-06,Delhi,Cochin,06:05:00,09:25:00,1640,1.0,No info,4487
Vistara,2019-05-12,Kolkata,Banglore,17:00:00,09:05:00,965,1.0,No info,9922
Vistara,2019-05-18,Banglore,Delhi,17:00:00,19:35:00,155,0.0,No info,4878
Jet Airways,2019-05-09,Kolkata,Banglore,08:25:00,04:40:00,1215,1.0,In-flight meal not included,8586
Jet Airways,2019-06-01,Mumbai,Hyderabad,19:35:00,21:05:00,90,0.0,In-flight meal not included,3210
Air India,2019-05-06,Kolkata,Banglore,19:00:00,09:50:00,890,1.0,No info,6117
Multiple Carriers,2019-03-06,Delhi,Cochin,06:00:00,19:15:00,795,1.0,No info,15353
Multiple Carriers,2019-03-21,Delhi,Cochin,13:15:00,21:20:00,485,2.0,No info,6653
Multiple Carriers,2019-06-12,Delhi,Cochin,17:50:00,01:30:00,460,2.0,No info,18275
Air India,2019-06-03,Delhi,Cochin,14:10:00,17:10:00,180,0.0,No info,6934
Air Asia,2019-04-15,Kolkata,Banglore,10:20:00,12:55:00,155,0.0,No info,4409
Indigo,2019-04-15,Banglore,Delhi,04:00:00,06:50:00,170,0.0,No info,4423
Jet Airways,2019-03-06,Banglore,New Delhi,11:40:00,10:25:00,1365,1.0,No info,17261
Jet Airways,2019-06-27,Delhi,Cochin,19:10:00,12:35:00,1045,2.0,No info,12819
Multiple Carriers,2019-06-15,Delhi,Cochin,13:00:00,01:30:00,750,1.0,No info,7198
Air India,2019-05-18,Delhi,Cochin,03:50:00,19:15:00,925,1.0,No info,8879
Spicejet,2019-04-03,Kolkata,Banglore,09:00:00,11:25:00,145,0.0,No info,3873
Air India,2019-05-09,Delhi,Cochin,13:20:00,07:40:00,1100,2.0,No info,13538
Jet Airways,2019-06-03,Banglore,Delhi,15:15:00,18:10:00,175,0.0,No info,8016
Multiple Carriers,2019-05-27,Delhi,Cochin,11:40:00,19:15:00,455,1.0,No info,9316
Air India,2019-06-15,Banglore,Delhi,06:10:00,08:55:00,165,0.0,No info,6961
Air India,2019-05-24,Kolkata,Banglore,09:50:00,21:05:00,675,1.0,No info,7662
Air India,2019-06-09,Mumbai,Hyderabad,15:00:00,16:25:00,85,0.0,No info,3100
Jet Airways,2019-06-06,Delhi,Cochin,17:30:00,19:00:00,1530,1.0,In-flight meal not included,10262
Jet Airways,2019-05-06,Kolkata,Banglore,20:00:00,09:20:00,800,1.0,No info,14388
Multiple Carriers,2019-05-18,Delhi,Cochin,17:00:00,01:30:00,510,1.0,No info,8283
Jet Airways,2019-03-21,Delhi,Cochin,05:30:00,18:50:00,2240,2.0,In-flight meal not included,9328
Jet Airways,2019-06-27,Delhi,Cochin,12:15:00,19:00:00,1845,2.0,No info,14300
Vistara,2019-04-09,Banglore,Delhi,07:00:00,09:40:00,160,0.0,No info,5403
Jet Airways,2019-06-06,Kolkata,Banglore,16:30:00,04:40:00,730,1.0,In-flight meal not included,6812
Indigo,2019-05-09,Mumbai,Hyderabad,16:55:00,18:25:00,90,0.0,No info,4784
Air India,2019-04-01,Kolkata,Banglore,10:00:00,05:25:00,1165,2.0,No info,12639
Indigo,2019-06-01,Delhi,Cochin,23:30:00,04:35:00,305,1.0,No info,10112
Air India,2019-03-24,Mumbai,Hyderabad,06:20:00,07:40:00,80,0.0,No info,2575
Vistara,2019-03-03,Banglore,New Delhi,21:10:00,00:05:00,175,0.0,No info,7608
Jet Airways,2019-04-18,Banglore,Delhi,15:15:00,18:10:00,175,0.0,No info,7229
Jet Airways,2019-03-21,Delhi,Cochin,10:45:00,18:50:00,1925,2.0,No info,11093
Jet Airways,2019-05-15,Kolkata,Banglore,21:10:00,04:40:00,450,1.0,No info,14388
Jet Airways,2019-05-24,Kolkata,Banglore,08:25:00,16:20:00,475,1.0,No info,14571
Jet Airways,2019-03-24,Kolkata,Banglore,21:10:00,18:10:00,1260,1.0,No info,13759
Jet Airways,2019-06-06,Kolkata,Banglore,08:25:00,16:20:00,475,1.0,No info,14571
Multiple Carriers,2019-06-12,Delhi,Cochin,10:20:00,19:00:00,520,1.0,No info,11789
Indigo,2019-03-03,Mumbai,Hyderabad,02:30:00,04:00:00,90,0.0,No info,4575
Goair,2019-06-27,Delhi,Cochin,07:25:00,13:35:00,370,1.0,No info,4525
Air India,2019-03-12,Mumbai,Hyderabad,05:55:00,20:35:00,880,1.0,No info,6901
Spicejet,2019-04-21,Kolkata,Banglore,17:10:00,19:40:00,150,0.0,No check-in baggage included,4807
Multiple Carriers,2019-05-15,Delhi,Cochin,06:40:00,19:15:00,755,1.0,No info,7787
Spicejet,2019-03-03,Banglore,New Delhi,15:35:00,23:40:00,485,1.0,No info,6315
Air Asia,2019-05-18,Kolkata,Banglore,06:50:00,10:30:00,220,1.0,No info,6857
Spicejet,2019-06-12,Banglore,Delhi,09:30:00,12:20:00,170,0.0,No info,4423
Air Asia,2019-04-18,Kolkata,Banglore,10:20:00,12:55:00,155,0.0,No info,4409
Jet Airways,2019-06-24,Delhi,Cochin,09:40:00,12:35:00,1615,2.0,In-flight meal not included,10368
Multiple Carriers,2019-05-21,Delhi,Cochin,09:00:00,19:15:00,615,1.0,No info,14848
Air India,2019-05-15,Banglore,Delhi,13:20:00,16:10:00,170,0.0,No info,5228
Air India,2019-06-03,Delhi,Cochin,10:00:00,19:15:00,555,1.0,No info,10979
Multiple Carriers,2019-06-15,Delhi,Cochin,07:05:00,22:30:00,925,1.0,No info,9646
Air India,2019-03-01,Banglore,New Delhi,09:30:00,23:45:00,855,1.0,No info,12704
Spicejet,2019-03-09,Kolkata,Banglore,22:20:00,00:40:00,140,0.0,No info,4622
Jet Airways,2019-05-21,Delhi,Cochin,07:05:00,12:35:00,330,1.0,No info,16289
Spicejet,2019-05-01,Kolkata,Banglore,22:20:00,00:40:00,140,0.0,No info,3873
Jet Airways,2019-06-12,Kolkata,Banglore,17:00:00,23:35:00,395,1.0,No info,12692
Spicejet,2019-03-21,Mumbai,Hyderabad,22:45:00,00:10:00,85,0.0,No info,1759
Indigo,2019-04-15,Kolkata,Banglore,21:25:00,00:05:00,160,0.0,No info,4174
Vistara,2019-05-15,Kolkata,Banglore,20:20:00,10:45:00,865,1.0,No info,8452
Indigo,2019-05-09,Mumbai,Hyderabad,12:00:00,13:30:00,90,0.0,No info,4392
Multiple Carriers,2019-05-21,Delhi,Cochin,07:05:00,18:10:00,665,1.0,No info,9646
Indigo,2019-06-09,Delhi,Cochin,17:05:00,22:15:00,310,1.0,No info,6493
Jet Airways,2019-06-12,Mumbai,Hyderabad,10:20:00,11:50:00,90,0.0,In-flight meal not included,4995
Air India,2019-05-21,Delhi,Cochin,19:45:00,19:15:00,1410,2.0,No info,9443
Air Asia,2019-05-21,Kolkata,Banglore,15:10:00,23:30:00,500,2.0,No info,5192
Multiple Carriers,2019-06-09,Delhi,Cochin,12:50:00,01:30:00,760,1.0,No info,6795
Air India,2019-06-09,Kolkata,Banglore,12:00:00,18:30:00,1830,2.0,No info,10151
Jet Airways,2019-06-09,Kolkata,Banglore,21:10:00,10:05:00,775,1.0,In-flight meal not included,11841
Indigo,2019-05-01,Kolkata,Banglore,09:20:00,14:15:00,295,1.0,No info,8443
Jet Airways,2019-05-18,Kolkata,Banglore,20:00:00,08:15:00,735,1.0,No info,13941
Indigo,2019-04-09,Delhi,Cochin,16:00:00,01:30:00,570,1.0,No info,6573
Jet Airways,2019-03-12,Banglore,New Delhi,05:45:00,20:20:00,875,1.0,No info,13817
Multiple Carriers,2019-05-18,Delhi,Cochin,06:00:00,12:35:00,395,1.0,No info,9794
Multiple Carriers,2019-03-27,Delhi,Cochin,18:15:00,01:35:00,440,1.0,No info,12327
Jet Airways,2019-05-12,Kolkata,Banglore,20:00:00,04:40:00,520,1.0,In-flight meal not included,8586
Goair,2019-06-06,Delhi,Cochin,14:25:00,19:35:00,310,1.0,No info,7870
Jet Airways,2019-05-12,Kolkata,Banglore,18:55:00,09:20:00,865,1.0,No info,14388
Jet Airways,2019-06-06,Delhi,Cochin,19:15:00,04:25:00,550,1.0,No info,14714
Jet Airways,2019-05-12,Kolkata,Banglore,09:35:00,09:45:00,1450,1.0,No info,14151
Jet Airways,2019-04-01,Kolkata,Banglore,21:10:00,08:15:00,665,1.0,In-flight meal not included,8849
Jet Airways,2019-03-21,Delhi,Cochin,19:10:00,18:50:00,1420,2.0,In-flight meal not included,6643
Jet Airways,2019-03-06,Banglore,New Delhi,05:45:00,19:10:00,805,1.0,No info,16736
Indigo,2019-06-15,Chennai,Kolkata,19:35:00,21:55:00,140,0.0,No info,3597
Jet Airways,2019-05-12,Banglore,Delhi,19:50:00,22:50:00,180,0.0,In-flight meal not included,3502
Air India,2019-04-12,Banglore,Delhi,10:00:00,12:45:00,165,0.0,No info,5911
Jet Airways,2019-06-09,Banglore,Delhi,17:45:00,20:45:00,180,0.0,In-flight meal not included,7229
Air India,2019-05-01,Kolkata,Banglore,09:25:00,07:55:00,1350,1.0,No info,8366
Jet Airways,2019-06-01,Delhi,Cochin,21:25:00,12:35:00,910,2.0,No info,13292
Vistara,2019-05-21,Kolkata,Banglore,20:20:00,23:25:00,1625,1.0,No info,9345
Spicejet,2019-03-09,Banglore,New Delhi,09:35:00,12:30:00,175,0.0,No info,6205
Air India,2019-03-21,Delhi,Cochin,23:00:00,19:15:00,1215,1.0,No info,6745
Air India,2019-06-09,Delhi,Cochin,05:15:00,06:50:00,1535,1.0,No info,6587
Jet Airways,2019-06-27,Delhi,Cochin,19:30:00,12:35:00,1025,2.0,No info,13764
Air India,2019-05-24,Delhi,Cochin,23:00:00,19:15:00,1215,1.0,No info,8582
Indigo,2019-05-27,Chennai,Kolkata,13:15:00,15:35:00,140,0.0,No info,3597
Air India,2019-06-24,Delhi,Cochin,10:55:00,07:40:00,1245,2.0,No info,11753
Goair,2019-05-24,Banglore,Delhi,20:55:00,23:40:00,165,0.0,No info,3419
Indigo,2019-05-15,Delhi,Cochin,08:30:00,21:00:00,750,1.0,No info,7503
Air India,2019-05-15,Delhi,Cochin,14:10:00,17:10:00,180,0.0,No info,6094
Air India,2019-04-06,Banglore,Delhi,06:10:00,08:55:00,165,0.0,No info,5176
Indigo,2019-06-01,Banglore,Delhi,06:05:00,08:50:00,165,0.0,No info,3943
Jet Airways,2019-03-21,Delhi,Cochin,18:25:00,04:25:00,2040,2.0,No info,12347
Multiple Carriers,2019-06-12,Delhi,Cochin,13:00:00,01:30:00,750,1.0,No info,7198
Spicejet,2019-06-06,Delhi,Cochin,08:45:00,13:15:00,270,1.0,No info,5264
Multiple Carriers,2019-06-12,Delhi,Cochin,08:30:00,19:15:00,645,1.0,No info,7354
Air India,2019-05-06,Kolkata,Banglore,09:50:00,21:05:00,675,1.0,No info,7452
Indigo,2019-04-24,Kolkata,Banglore,11:30:00,14:05:00,155,0.0,No info,4804
Air India,2019-06-06,Delhi,Cochin,09:00:00,19:15:00,615,1.0,No info,8372
Jet Airways,2019-05-18,Delhi,Cochin,14:00:00,12:35:00,1355,1.0,In-flight meal not included,12373
Indigo,2019-06-15,Delhi,Cochin,23:30:00,04:35:00,305,1.0,No info,10112
Multiple Carriers,2019-06-15,Delhi,Cochin,19:00:00,01:30:00,390,1.0,No info,6795
Vistara,2019-05-24,Kolkata,Banglore,07:10:00,20:20:00,790,1.0,No info,9555
Goair,2019-06-12,Banglore,Delhi,07:45:00,10:40:00,175,0.0,No info,3419
Indigo,2019-03-03,Banglore,New Delhi,04:00:00,06:50:00,170,0.0,No info,6144
Indigo,2019-04-09,Banglore,Delhi,23:30:00,02:20:00,170,0.0,No info,4591
Air India,2019-06-18,Banglore,Delhi,17:00:00,19:50:00,170,0.0,No info,6961
Indigo,2019-05-15,Mumbai,Hyderabad,09:10:00,10:40:00,90,0.0,No info,4575
Air India,2019-06-12,Kolkata,Banglore,09:25:00,18:30:00,545,1.0,No info,8366
Indigo,2019-05-15,Banglore,Delhi,08:30:00,11:20:00,170,0.0,No info,4823
Indigo,2019-06-24,Kolkata,Banglore,11:30:00,14:05:00,155,0.0,No info,4804
Air India,2019-06-12,Kolkata,Banglore,12:00:00,11:10:00,1390,2.0,No info,9416
Jet Airways,2019-03-18,Banglore,New Delhi,22:50:00,09:00:00,610,1.0,No info,13555
Air India,2019-03-18,Banglore,New Delhi,08:50:00,16:30:00,1900,2.0,No info,10835
Indigo,2019-05-06,Chennai,Kolkata,13:15:00,15:35:00,140,0.0,No info,3597
Indigo,2019-05-06,Kolkata,Banglore,19:20:00,23:45:00,265,1.0,No info,3809
Indigo,2019-05-18,Kolkata,Banglore,09:35:00,12:20:00,165,0.0,No info,4804
Indigo,2019-03-15,Mumbai,Hyderabad,12:00:00,13:25:00,85,0.0,No info,3175
Indigo,2019-03-03,Banglore,New Delhi,18:55:00,21:45:00,170,0.0,No info,8855
Jet Airways,2019-05-09,Kolkata,Banglore,14:05:00,23:35:00,570,1.0,In-flight meal not included,10844
Jet Airways,2019-06-24,Delhi,Cochin,05:30:00,12:35:00,425,2.0,No info,14441
Air India,2019-05-18,Kolkata,Banglore,07:00:00,01:20:00,1100,2.0,No info,13243
Jet Airways,2019-06-06,Kolkata,Banglore,20:25:00,19:10:00,1365,1.0,No info,14151
Jet Airways,2019-05-06,Kolkata,Banglore,06:30:00,10:05:00,1655,1.0,No info,13941
Indigo,2019-04-24,Kolkata,Banglore,15:15:00,20:05:00,290,1.0,No info,4565
Indigo,2019-03-21,Delhi,Cochin,11:30:00,01:35:00,845,1.0,No info,7318
Indigo,2019-05-01,Kolkata,Banglore,04:40:00,07:15:00,155,0.0,No info,4804
Multiple Carriers,2019-03-21,Delhi,Cochin,02:15:00,13:20:00,665,1.0,No info,13961
Multiple Carriers,2019-03-27,Delhi,Cochin,08:00:00,18:50:00,650,1.0,No info,11667
Indigo,2019-06-03,Banglore,Delhi,21:15:00,00:15:00,180,0.0,No info,3943
Jet Airways,2019-06-06,Delhi,Cochin,21:25:00,19:00:00,1295,2.0,No info,13292
Indigo,2019-06-18,Kolkata,Banglore,15:15:00,17:45:00,150,0.0,No info,4804
Spicejet,2019-05-06,Banglore,Delhi,21:10:00,00:05:00,175,0.0,No check-in baggage included,3573
Air India,2019-05-21,Kolkata,Banglore,17:30:00,08:55:00,925,1.0,No info,11936
Goair,2019-06-06,Delhi,Cochin,10:35:00,19:35:00,540,1.0,No info,4959
Jet Airways,2019-06-15,Delhi,Cochin,07:05:00,12:35:00,330,1.0,No info,14714
Jet Airways,2019-05-18,Delhi,Cochin,05:30:00,19:00:00,810,2.0,No info,15129
Air India,2019-06-12,Delhi,Cochin,13:00:00,19:15:00,375,1.0,No info,8372
Jet Airways,2019-05-21,Delhi,Cochin,21:50:00,19:00:00,1270,1.0,In-flight meal not included,12898
Indigo,2019-05-18,Delhi,Cochin,06:50:00,22:30:00,940,1.0,No info,7144
Spicejet,2019-03-27,Mumbai,Hyderabad,05:45:00,07:05:00,80,0.0,No info,1759
Air India,2019-05-15,Mumbai,Hyderabad,19:30:00,20:45:00,75,0.0,No info,3100
Indigo,2019-05-03,Banglore,Delhi,00:30:00,03:25:00,175,0.0,No info,3943
Jet Airways,2019-06-18,Mumbai,Hyderabad,19:35:00,21:05:00,90,0.0,No info,5678
Jet Airways,2019-05-12,Kolkata,Banglore,17:00:00,22:05:00,1745,1.0,No info,13067
Jet Airways,2019-06-15,Delhi,Cochin,18:20:00,12:35:00,1095,2.0,No info,14300
Air India,2019-05-21,Delhi,Cochin,09:45:00,09:25:00,1420,2.0,No info,10975
Air Asia,2019-03-12,Kolkata,Banglore,22:50:00,01:20:00,150,0.0,No info,4082
Jet Airways,2019-06-15,Delhi,Cochin,09:00:00,19:00:00,600,1.0,No info,14714
Indigo,2019-03-21,Delhi,Cochin,02:35:00,08:30:00,355,1.0,No info,8470
Indigo,2019-06-15,Delhi,Cochin,14:20:00,22:30:00,490,1.0,No info,6412
Jet Airways,2019-06-06,Kolkata,Banglore,21:10:00,10:05:00,775,1.0,No info,14571
Jet Airways,2019-05-12,Kolkata,Banglore,08:25:00,19:50:00,685,1.0,No info,13941
Jet Airways,2019-05-24,Banglore,Delhi,07:10:00,10:10:00,180,0.0,In-flight meal not included,4030
Indigo,2019-06-24,Kolkata,Banglore,15:30:00,18:05:00,155,0.0,No info,4804
Air India,2019-03-24,Mumbai,Hyderabad,15:00:00,16:25:00,85,0.0,No info,2050
Jet Airways,2019-04-01,Kolkata,Banglore,18:55:00,18:15:00,1400,1.0,In-flight meal not included,7064
Jet Airways,2019-06-09,Kolkata,Banglore,06:30:00,19:50:00,800,1.0,No info,14571
